"동별(1)",동별(2),동별(3),2023,2023,2023,2023,2023,2023,2023,2023,2023,2023,2023,2023,2023,2023,2023,2023,2023,2023,2023,2023,2023,2023,2023,2023,2023,2023,2023,2023,2023,2023
"동별(1)",동별(2),동별(3),합계,합계,합계,합계,합계,합계,합계,합계,합계,합계,합계,합계,합계,합계,합계,합계,합계,합계,합계,합계,합계,합계,합계,합계,합계,합계,합계,합계,합계,합계
"동별(1)",동별(2),동별(3),소계,소계,소계,9세미만,9세미만,9세미만,10~19세,10~19세,10~19세,20~29세,20~29세,20~29세,30~39세,30~39세,30~39세,40~49세,40~49세,40~49세,50~59세,50~59세,50~59세,60~69세,60~69세,60~69세,70~79세,70~79세,70~79세,80세이상,80세이상,80세이상
"동별(1)",동별(2),동별(3),계,남자,여자,계,남자,여자,계,남자,여자,계,남자,여자,계,남자,여자,계,남자,여자,계,남자,여자,계,남자,여자,계,남자,여자,계,남자,여자
"합계",소계,소계,389795,225845,163950,4965,3419,1546,9192,6083,3109,15050,9540,5510,17985,11677,6308,29685,20110,9575,54947,36961,17986,90681,57344,33337,90232,48883,41349,77058,31828,45230
"합계",종로구,소계,5692,3283,2409,61,38,23,136,86,50,228,130,98,272,176,96,388,248,140,828,587,241,1230,828,402,1211,645,566,1338,545,793
"합계",종로구,사직동,270,152,118,9,6,3,16,10,6,14,8,6,12,8,4,21,15,6,22,13,9,50,31,19,50,30,20,76,31,45
"합계",종로구,삼청동,108,61,47,1,-,1,1,-,1,2,-,2,2,2,-,8,4,4,22,15,7,17,12,5,23,12,11,32,16,16
"합계",종로구,부암동,314,182,132,-,-,-,10,9,1,13,8,5,21,16,5,26,20,6,39,21,18,57,32,25,61,35,26,87,41,46
"합계",종로구,평창동,489,259,230,5,3,2,11,7,4,19,11,8,24,11,13,27,23,4,60,47,13,113,71,42,92,41,51,138,45,93
"합계",종로구,무악동,322,178,144,7,4,3,10,6,4,19,11,8,14,8,6,23,15,8,33,25,8,66,42,24,67,35,32,83,32,51
"합계",종로구,교남동,330,172,158,8,6,2,10,8,2,11,7,4,18,15,3,18,10,8,54,31,23,65,38,27,72,27,45,74,30,44
"합계",종로구,가회동,169,91,78,-,-,-,6,5,1,9,4,5,14,9,5,9,4,5,16,13,3,28,16,12,38,14,24,49,26,23
"합계",종로구,종로1.2.3.4가동,384,289,95,4,2,2,2,-,2,4,3,1,10,6,4,35,27,8,67,59,8,114,101,13,82,60,22,66,31,35
"합계",종로구,종로5.6가동,242,159,83,1,1,-,4,2,2,8,4,4,15,11,4,21,12,9,36,31,5,60,43,17,55,29,26,42,26,16
"합계",종로구,이화동,299,163,136,2,2,-,3,-,3,10,8,2,17,8,9,23,15,8,46,32,14,65,44,21,58,30,28,75,24,51
"합계",종로구,창신1동,266,157,109,1,-,1,1,1,-,6,5,1,9,7,2,9,5,4,44,28,16,77,53,24,63,36,27,56,22,34
"합계",종로구,창신2동,493,284,209,3,1,2,4,2,2,19,10,9,18,13,5,32,25,7,92,67,25,111,74,37,122,67,55,92,25,67
"합계",종로구,창신3동,340,187,153,6,5,1,7,4,3,10,5,5,11,8,3,16,10,6,54,37,17,83,58,25,75,36,39,78,24,54
"합계",종로구,숭인1동,295,153,142,1,-,1,7,4,3,8,1,7,11,6,5,21,12,9,47,34,13,65,38,27,63,33,30,72,25,47
"합계",종로구,숭인2동,398,248,150,2,2,-,5,4,1,17,9,8,21,15,6,21,11,10,59,45,14,94,67,27,98,57,41,81,38,43
"합계",종로구,청운효자동,421,229,192,7,3,4,21,12,9,34,20,14,28,15,13,34,16,18,68,40,28,72,48,24,76,42,34,81,33,48
"합계",종로구,혜화동,552,319,233,4,3,1,18,12,6,25,16,9,27,18,9,44,24,20,69,49,20,93,60,33,116,61,55,156,76,80
"합계",종로구,기타,-,-,-,-,-,-,-,-,-,-,-,-,-,-,-,-,-,-,-,-,-,-,-,-,-,-,-,-,-,-
"합계",중구,소계,5461,3129,2332,42,27,15,63,40,23,155,107,48,225,147,78,385,267,118,713,481,232,1328,867,461,1290,700,590,1260,493,767
"합계",중구,소공동,35,20,15,-,-,-,-,-,-,-,-,-,4,2,2,7,5,2,4,2,2,9,6,3,6,5,1,5,-,5
"합계",중구,회현동,263,166,97,1,1,-,1,-,1,4,3,1,8,6,2,16,11,5,33,21,12,70,56,14,70,34,36,60,34,26
"합계",중구,명동,99,53,46,-,-,-,1,1,-,-,-,-,4,4,-,8,6,2,17,10,7,16,9,7,31,17,14,22,6,16
"합계",중구,필동,178,102,76,4,3,1,5,3,2,6,6,-,8,4,4,8,5,3,20,14,6,53,34,19,28,19,9,46,14,32
"합계",중구,장충동,187,97,90,1,-,1,3,2,1,3,1,2,8,6,2,5,3,2,18,12,6,38,17,21,53,26,27,58,30,28
"합계",중구,광희동,217,125,92,-,-,-,1,1,-,5,4,1,11,7,4,14,9,5,28,19,9,52,34,18,54,34,20,52,17,35
"합계",중구,을지로동,95,68,27,1,1,-,-,-,-,4,3,1,5,4,1,3,3,-,15,10,5,35,28,7,15,12,3,17,7,10
"합계",중구,신당5동,487,293,194,1,1,-,4,4,-,18,13,5,18,11,7,39,29,10,71,55,16,116,80,36,118,59,59,102,41,61
"합계",중구,황학동,489,286,203,3,2,1,8,4,4,15,12,3,34,25,9,40,26,14,66,44,22,107,74,33,122,65,57,94,34,60
"합계",중구,중림동,541,333,208,8,2,6,10,7,3,15,10,5,16,9,7,42,33,9,73,57,16,146,98,48,116,69,47,115,48,67
"합계",중구,신당동,383,243,140,4,4,-,3,2,1,13,12,1,15,10,5,38,25,13,62,39,23,87,67,20,93,54,39,68,30,38
"합계",중구,다산동,617,354,263,5,4,1,4,1,3,26,15,11,21,17,4,40,28,12,68,49,19,150,91,59,140,82,58,163,67,96
"합계",중구,약수동,826,417,409,1,1,-,7,6,1,15,9,6,34,15,19,51,33,18,98,60,38,179,111,68,218,104,114,223,78,145
"합계",중구,청구동,620,341,279,7,5,2,7,3,4,15,9,6,25,16,9,47,33,14,82,51,31,167,101,66,145,77,68,125,46,79
"합계",중구,동화동,424,231,193,6,3,3,9,6,3,16,10,6,14,11,3,27,18,9,58,38,20,103,61,42,81,43,38,110,41,69
"합계",중구,기타,-,-,-,-,-,-,-,-,-,-,-,-,-,-,-,-,-,-,-,-,-,-,-,-,-,-,-,-,-,-
"합계",용산구,소계,7302,4258,3044,95,63,32,184,121,63,273,178,95,356,236,120,529,365,164,1042,745,297,1565,1028,537,1592,837,755,1666,685,981
"합계",용산구,후암동,696,392,304,13,9,4,31,19,12,37,25,12,49,33,16,40,27,13,99,69,30,142,82,60,152,83,69,133,45,88
"합계",용산구,용산2가동,444,260,184,2,1,1,6,5,1,16,12,4,19,10,9,32,22,10,59,42,17,92,60,32,107,60,47,111,48,63
"합계",용산구,남영동,485,369,116,2,2,-,2,1,1,11,8,3,16,12,4,39,24,15,90,75,15,164,144,20,98,63,35,63,40,23
"합계",용산구,원효로2동,458,263,195,5,5,-,10,5,5,18,9,9,20,11,9,32,23,9,61,40,21,109,72,37,110,63,47,93,35,58
"합계",용산구,효창동,337,174,163,4,3,1,8,6,2,17,12,5,20,14,6,14,11,3,43,26,17,63,37,26,79,34,45,89,31,58
"합계",용산구,용문동,443,241,202,1,-,1,16,7,9,16,11,5,15,9,6,31,18,13,49,37,12,95,63,32,116,62,54,104,34,70
"합계",용산구,이촌1동,490,280,210,14,9,5,21,15,6,24,21,3,24,14,10,29,23,6,63,44,19,77,43,34,89,43,46,149,68,81
"합계",용산구,이촌2동,326,187,139,6,2,4,4,3,1,11,8,3,14,11,3,26,19,7,41,28,13,74,41,33,77,45,32,73,30,43
"합계",용산구,이태원1동,207,117,90,2,1,1,10,7,3,7,3,4,3,3,-,20,14,6,21,14,7,39,21,18,54,28,26,51,26,25
"합계",용산구,이태원2동,305,167,138,4,4,-,8,6,2,5,1,4,11,8,3,27,18,9,40,26,14,66,45,21,57,33,24,87,26,61
"합계",용산구,서빙고동,347,205,142,4,2,2,15,11,4,16,10,6,15,11,4,14,13,1,58,38,20,66,44,22,62,28,34,97,48,49
"합계",용산구,보광동,517,299,218,4,4,-,6,4,2,13,11,2,19,14,5,31,23,8,85,63,22,115,72,43,117,58,59,127,50,77
"합계",용산구,청파동,786,463,323,7,4,3,15,11,4,32,18,14,41,32,9,72,52,20,144,105,39,167,104,63,146,74,72,162,63,99
"합계",용산구,원효로1동,431,243,188,8,5,3,12,6,6,18,10,8,33,19,14,46,31,15,53,30,23,91,60,31,84,39,45,86,43,43
"합계",용산구,한강로동,498,294,204,14,8,6,10,8,2,24,13,11,26,14,12,41,23,18,63,50,13,93,66,27,115,68,47,112,44,68
"합계",용산구,한남동,532,304,228,5,4,1,10,7,3,8,6,2,31,21,10,35,24,11,73,58,15,112,74,38,129,56,73,129,54,75
"합계",용산구,기타,-,-,-,-,-,-,-,-,-,-,-,-,-,-,-,-,-,-,-,-,-,-,-,-,-,-,-,-,-,-
"합계",성동구,소계,10915,6274,4641,155,113,42,216,148,68,418,245,173,449,292,157,748,510,238,1531,1042,489,2596,1718,878,2446,1307,1139,2356,899,1457
"합계",성동구,왕십리2동,626,328,298,11,7,4,16,13,3,26,14,12,23,14,9,47,22,25,75,50,25,147,80,67,145,77,68,136,51,85
"합계",성동구,마장동,1009,600,409,12,8,4,24,16,8,64,45,19,26,18,8,71,52,19,128,74,54,248,170,78,220,133,87,216,84,132
"합계",성동구,사근동,352,184,168,3,2,1,6,4,2,14,6,8,6,4,2,24,15,9,40,27,13,74,49,25,89,41,48,96,36,60
"합계",성동구,행당1동,505,297,208,12,9,3,9,7,2,19,12,7,20,14,6,48,31,17,61,40,21,116,89,27,101,49,52,119,46,73
"합계",성동구,행당2동,883,496,387,16,15,1,19,15,4,39,23,16,37,21,16,48,33,15,117,76,41,200,124,76,210,107,103,197,82,115
"합계",성동구,응봉동,543,308,235,8,5,3,11,11,-,20,8,12,17,13,4,42,29,13,68,48,20,110,72,38,118,62,56,149,60,89
"합계",성동구,금호1가동,647,354,293,-,-,-,7,4,3,19,10,9,26,20,6,39,26,13,90,58,32,150,97,53,151,80,71,165,59,106
"합계",성동구,금호4가동,530,302,228,12,10,2,14,11,3,19,12,7,19,12,7,36,21,15,68,46,22,142,92,50,111,58,53,109,40,69
"합계",성동구,성수1가1동,551,332,219,11,8,3,10,7,3,24,14,10,27,16,11,35,27,8,99,72,27,135,100,35,111,48,63,99,40,59
"합계",성동구,성수1가2동,434,236,198,5,3,2,5,1,4,14,6,8,19,10,9,25,16,9,58,39,19,97,69,28,102,51,51,109,41,68
"합계",성동구,성수2가1동,701,435,266,1,-,1,14,8,6,21,15,6,33,26,7,40,27,13,100,73,27,193,137,56,182,104,78,117,45,72
"합계",성동구,성수2가3동,418,250,168,2,2,-,12,6,6,17,12,5,24,17,7,30,24,6,54,38,16,97,65,32,91,50,41,91,36,55
"합계",성동구,송정동,471,276,195,9,7,2,7,4,3,16,12,4,24,15,9,34,20,14,84,58,26,123,81,42,103,52,51,71,27,44
"합계",성동구,용답동,616,386,230,1,-,1,9,5,4,17,7,10,28,15,13,45,34,11,97,75,22,162,120,42,147,78,69,110,52,58
"합계",성동구,왕십리도선동,999,581,418,23,17,6,26,16,10,38,21,17,43,26,17,68,51,17,165,115,50,216,135,81,206,125,81,214,75,139
"합계",성동구,금호2.3가동,936,517,419,16,11,5,9,8,1,32,18,14,43,30,13,67,45,22,126,86,40,229,137,92,202,110,92,212,72,140
"합계",성동구,옥수동,694,392,302,13,9,4,18,12,6,19,10,9,34,21,13,49,37,12,101,67,34,157,101,56,157,82,75,146,53,93
"합계",성동구,기타,-,-,-,-,-,-,-,-,-,-,-,-,-,-,-,-,-,-,-,-,-,-,-,-,-,-,-,-,-,-
"합계",광진구,소계,12171,7026,5145,121,92,29,250,166,84,490,303,187,595,374,221,913,599,314,1780,1177,603,2891,1870,1021,2742,1466,1276,2389,979,1410
"합계",광진구,화양동,531,301,230,4,4,-,5,3,2,36,20,16,36,22,14,42,27,15,58,43,15,122,71,51,121,65,56,107,46,61
"합계",광진구,군자동,798,475,323,7,5,2,15,10,5,31,21,10,46,31,15,52,33,19,125,85,40,186,114,72,178,110,68,158,66,92
"합계",광진구,중곡1동,661,372,289,6,2,4,13,8,5,25,12,13,32,19,13,54,34,20,97,59,38,169,103,66,154,83,71,111,52,59
"합계",광진구,중곡2동,883,507,376,7,6,1,21,15,6,34,22,12,44,27,17,56,38,18,134,85,49,214,137,77,234,119,115,139,58,81
"합계",광진구,중곡3동,746,441,305,8,5,3,11,8,3,27,20,7,29,21,8,55,30,25,136,97,39,188,122,66,186,100,86,106,38,68
"합계",광진구,중곡4동,1274,752,522,7,4,3,12,8,4,37,22,15,69,47,22,84,61,23,212,142,70,338,226,112,291,155,136,224,87,137
"합계",광진구,능동,374,212,162,4,3,1,5,2,3,11,7,4,22,16,6,25,18,7,55,32,23,76,50,26,95,46,49,81,38,43
"합계",광진구,구의1동,809,469,340,10,9,1,15,10,5,35,16,19,56,37,19,62,40,22,129,88,41,193,119,74,150,82,68,159,68,91
"합계",광진구,구의2동,1034,602,432,11,8,3,26,19,7,32,21,11,50,23,27,84,52,32,151,100,51,267,180,87,221,122,99,192,77,115
"합계",광진구,구의3동,794,441,353,12,9,3,22,14,8,43,27,16,43,28,15,64,42,22,102,66,36,147,95,52,172,81,91,189,79,110
"합계",광진구,광장동,719,426,293,11,11,-,27,18,9,37,25,12,36,28,8,78,55,23,90,65,25,144,91,53,129,69,60,167,64,103
"합계",광진구,자양1동,913,516,397,6,4,2,16,9,7,36,23,13,40,22,18,60,40,20,129,80,49,229,147,82,201,107,94,196,84,112
"합계",광진구,자양2동,921,521,400,6,6,-,25,16,9,44,28,16,34,19,15,73,54,19,136,83,53,210,136,74,215,114,101,178,65,113
"합계",광진구,자양3동,788,439,349,17,11,6,26,21,5,30,19,11,30,18,12,59,35,24,103,66,37,163,104,59,151,87,64,209,78,131
"합계",광진구,자양4동,926,552,374,5,5,-,11,5,6,32,20,12,28,16,12,65,40,25,123,86,37,245,175,70,244,126,118,173,79,94
"합계",광진구,기타,-,-,-,-,-,-,-,-,-,-,-,-,-,-,-,-,-,-,-,-,-,-,-,-,-,-,-,-,-,-
"합계",동대문구,소계,15425,8944,6481,156,101,55,259,166,93,506,344,162,637,427,210,1080,749,331,2100,1465,635,3598,2353,1245,3740,1960,1780,3349,1379,1970
"합계",동대문구,회기동,298,161,137,2,1,1,6,3,3,12,8,4,13,7,6,26,17,9,36,26,10,55,34,21,64,29,35,84,36,48
"합계",동대문구,휘경1동,478,283,195,12,7,5,9,7,2,16,8,8,24,20,4,39,22,17,60,42,18,95,66,29,116,63,53,107,48,59
"합계",동대문구,휘경2동,886,513,373,8,6,2,17,10,7,30,22,8,40,29,11,60,47,13,125,82,43,183,122,61,240,120,120,183,75,108
"합계",동대문구,청량리동,1204,682,522,8,4,4,9,5,4,34,25,9,43,27,16,61,43,18,132,101,31,311,203,108,328,163,165,278,111,167
"합계",동대문구,용신동,1658,977,681,9,5,4,13,8,5,60,42,18,74,56,18,113,86,27,258,175,83,378,257,121,387,193,194,366,155,211
"합계",동대문구,제기동,1302,746,556,5,1,4,22,14,8,37,26,11,40,25,15,72,57,15,171,112,59,295,188,107,335,181,154,325,142,183
"합계",동대문구,전농1동,1518,886,632,10,8,2,28,20,8,40,26,14,57,40,17,111,83,28,222,157,65,379,249,130,342,179,163,329,124,205
"합계",동대문구,전농2동,866,481,385,12,8,4,11,4,7,29,19,10,28,17,11,59,38,21,109,76,33,202,119,83,214,118,96,202,82,120
"합계",동대문구,답십리2동,1401,801,600,12,5,7,19,14,5,35,21,14,54,36,18,85,61,24,191,125,66,355,229,126,337,170,167,313,140,173
"합계",동대문구,장안1동,1648,981,667,24,17,7,37,22,15,65,49,16,91,60,31,142,86,56,227,161,66,394,255,139,386,212,174,282,119,163
"합계",동대문구,장안2동,1366,813,553,25,15,10,31,23,8,46,28,18,59,37,22,126,88,38,191,141,50,322,211,111,337,181,156,229,89,140
"합계",동대문구,이문1동,754,453,301,10,6,4,7,6,1,32,21,11,29,21,8,54,37,17,101,72,29,159,112,47,173,97,76,189,81,108
"합계",동대문구,이문2동,986,574,412,12,12,-,28,19,9,27,18,9,39,25,14,60,41,19,133,92,41,214,140,74,256,136,120,217,91,126
"합계",동대문구,답십리1동,1060,593,467,7,6,1,22,11,11,43,31,12,46,27,19,72,43,29,144,103,41,256,168,88,225,118,107,245,86,159
"합계",동대문구,기타,-,-,-,-,-,-,-,-,-,-,-,-,-,-,-,-,-,-,-,-,-,-,-,-,-,-,-,-,-,-
"합계",중랑구,소계,20307,11751,8556,193,130,63,323,215,108,724,477,247,843,550,293,1416,968,448,3090,2046,1044,5313,3321,1992,4750,2533,2217,3655,1511,2144
"합계",중랑구,면목2동,1245,728,517,11,7,4,21,15,6,31,24,7,49,37,12,101,78,23,196,130,66,296,198,98,324,157,167,216,82,134
"합계",중랑구,면목4동,1255,737,518,13,8,5,12,10,2,43,27,16,49,33,16,88,60,28,206,133,73,311,209,102,343,173,170,190,84,106
"합계",중랑구,면목5동,654,417,237,15,11,4,12,9,3,25,14,11,26,14,12,50,35,15,100,72,28,161,114,47,146,95,51,119,53,66
"합계",중랑구,면목7동,1002,594,408,7,7,-,11,4,7,29,22,7,46,33,13,72,44,28,162,106,56,235,147,88,249,146,103,191,85,106
"합계",중랑구,상봉1동,1387,798,589,14,8,6,24,11,13,58,33,25,63,40,23,86,62,24,233,145,88,395,244,151,296,165,131,218,90,128
"합계",중랑구,상봉2동,809,463,346,5,3,2,6,1,5,28,18,10,45,28,17,71,44,27,119,87,32,200,114,86,194,105,89,141,63,78
"합계",중랑구,중화1동,933,574,359,13,9,4,17,10,7,40,24,16,30,23,7,62,50,12,123,89,34,256,165,91,233,132,101,159,72,87
"합계",중랑구,중화2동,1433,848,585,10,9,1,24,21,3,47,28,19,56,39,17,92,68,24,228,155,73,426,270,156,292,149,143,258,109,149
"합계",중랑구,묵1동,1413,811,602,15,12,3,28,17,11,59,39,20,66,45,21,119,79,40,191,121,70,324,201,123,336,182,154,275,115,160
"합계",중랑구,묵2동,899,517,382,4,2,2,13,10,3,39,28,11,43,28,15,72,50,22,133,83,50,216,135,81,212,108,104,167,73,94
"합계",중랑구,망우3동,945,548,397,8,4,4,6,1,5,40,28,12,33,22,11,46,20,26,164,110,54,265,167,98,212,122,90,171,74,97
"합계",중랑구,신내1동,2002,1098,904,27,19,8,52,38,14,74,53,21,74,43,31,137,100,37,251,160,91,496,282,214,482,247,235,409,156,253
"합계",중랑구,신내2동,1495,817,678,12,8,4,25,18,7,44,30,14,50,30,20,83,62,21,198,112,86,444,272,172,358,178,180,281,107,174
"합계",중랑구,면목본동,1629,929,700,11,6,5,19,14,5,52,42,10,70,46,24,124,82,42,274,184,90,429,258,171,356,176,180,294,121,173
"합계",중랑구,면목3.8동,1266,746,520,9,6,3,17,12,5,37,23,14,54,34,20,86,56,30,223,152,71,337,211,126,291,163,128,212,89,123
"합계",중랑구,망우본동,1940,1126,814,19,11,8,36,24,12,78,44,34,89,55,34,127,78,49,289,207,82,522,334,188,426,235,191,354,138,216
"합계",중랑구,기타,-,-,-,-,-,-,-,-,-,-,-,-,-,-,-,-,-,-,-,-,-,-,-,-,-,-,-,-,-,-
"합계",성북구,소계,17032,9682,7350,209,137,72,450,306,144,669,410,259,656,433,223,1316,873,443,2516,1733,783,3620,2264,1356,3911,2056,1855,3685,1470,2215
"합계",성북구,돈암1동,601,332,269,7,4,3,11,5,6,20,13,7,20,14,6,33,20,13,71,55,16,122,71,51,165,89,76,152,61,91
"합계",성북구,돈암2동,687,382,305,10,7,3,21,17,4,25,18,7,25,11,14,55,37,18,86,57,29,135,79,56,169,95,74,161,61,100
"합계",성북구,안암동,550,327,223,14,12,2,31,20,11,64,40,24,25,16,9,24,18,6,77,55,22,107,74,33,103,48,55,105,44,61
"합계",성북구,보문동,616,347,269,7,6,1,11,5,6,24,10,14,27,21,6,43,29,14,94,60,34,133,89,44,156,71,85,121,56,65
"합계",성북구,정릉1동,629,331,298,15,9,6,21,15,6,15,9,6,17,13,4,48,26,22,74,52,22,116,64,52,168,84,84,155,59,96
"합계",성북구,정릉2동,955,545,410,7,3,4,16,12,4,45,29,16,42,29,13,66,45,21,138,93,45,236,143,93,217,119,98,188,72,116
"합계",성북구,정릉3동,671,382,289,2,-,2,20,13,7,23,14,9,24,19,5,34,26,8,94,68,26,140,84,56,167,97,70,167,61,106
"합계",성북구,정릉4동,1038,591,447,14,8,6,23,16,7,31,20,11,51,35,16,79,58,21,169,109,60,202,126,76,230,118,112,239,101,138
"합계",성북구,길음1동,984,528,456,17,11,6,52,38,14,42,25,17,35,23,12,92,57,35,166,116,50,151,79,72,219,93,126,210,86,124
"합계",성북구,길음2동,751,439,312,11,7,4,30,26,4,28,16,12,29,17,12,77,50,27,112,75,37,156,104,52,171,84,87,137,60,77
"합계",성북구,월곡1동,1128,639,489,27,18,9,44,26,18,34,23,11,38,25,13,98,62,36,148,93,55,249,173,76,261,126,135,229,93,136
"합계",성북구,월곡2동,883,493,390,4,3,1,13,8,5,29,20,9,33,19,14,65,37,28,143,99,44,184,120,64,209,112,97,203,75,128
"합계",성북구,장위1동,1132,629,503,20,13,7,26,17,9,55,29,26,33,25,8,94,59,35,199,131,68,286,163,123,227,117,110,192,75,117
"합계",성북구,장위2동,671,399,272,5,3,2,10,9,1,23,11,12,24,20,4,66,41,25,114,86,28,140,87,53,151,84,67,138,58,80
"합계",성북구,장위3동,601,373,228,6,5,1,20,8,12,24,15,9,37,27,10,64,45,19,92,66,26,136,92,44,122,71,51,100,44,56
"합계",성북구,성북동,524,310,214,4,4,-,12,6,6,24,18,6,32,18,14,47,32,15,72,51,21,104,69,35,103,52,51,126,60,66
"합계",성북구,삼선동,799,460,339,8,5,3,19,13,6,27,21,6,31,18,13,52,38,14,110,84,26,170,108,62,181,98,83,201,75,126
"합계",성북구,동선동,526,296,230,5,4,1,8,6,2,23,13,10,34,19,15,41,28,13,75,51,24,77,43,34,140,85,55,123,47,76
"합계",성북구,종암동,1562,876,686,17,11,6,37,27,10,63,37,26,38,25,13,111,77,34,243,170,73,335,215,120,307,169,138,411,145,266
"합계",성북구,석관동,1724,1003,721,9,4,5,25,19,6,50,29,21,61,39,22,127,88,39,239,162,77,441,281,160,445,244,201,327,137,190
"합계",성북구,기타,-,-,-,-,-,-,-,-,-,-,-,-,-,-,-,-,-,-,-,-,-,-,-,-,-,-,-,-,-,-
"합계",강북구,소계,16974,9619,7355,193,131,62,323,210,113,608,362,246,698,427,271,1172,777,395,2480,1654,826,3944,2507,1437,4113,2116,1997,3443,1435,2008
"합계",강북구,번1동,940,553,387,10,7,3,11,5,6,33,20,13,32,19,13,88,66,22,132,98,34,227,141,86,212,105,107,195,92,103
"합계",강북구,번2동,1311,725,586,8,4,4,18,15,3,50,30,20,52,24,28,76,57,19,198,122,76,311,201,110,336,168,168,262,104,158
"합계",강북구,번3동,1945,1051,894,6,5,1,18,13,5,47,29,18,48,29,19,121,74,47,292,190,102,471,280,191,557,258,299,385,173,212
"합계",강북구,수유1동,1250,718,532,41,24,17,45,29,16,78,49,29,75,46,29,90,60,30,168,112,56,282,174,108,252,138,114,219,86,133
"합계",강북구,수유2동,1095,601,494,7,5,2,22,13,9,35,24,11,55,35,20,68,39,29,155,104,51,249,143,106,241,122,119,263,116,147
"합계",강북구,수유3동,1126,644,482,12,7,5,16,10,6,47,32,15,59,37,22,91,64,27,167,101,66,262,161,101,249,132,117,223,100,123
"합계",강북구,삼양동,1290,770,520,14,10,4,40,27,13,55,35,20,48,25,23,86,56,30,208,154,54,282,189,93,314,166,148,243,108,135
"합계",강북구,미아동,1148,642,506,9,8,1,23,14,9,47,27,20,50,32,18,75,55,20,151,99,52,282,177,105,272,142,130,239,88,151
"합계",강북구,송중동,1366,814,552,14,8,6,24,15,9,46,23,23,52,33,19,102,66,36,192,128,64,322,228,94,346,188,158,268,125,143
"합계",강북구,송천동,1455,854,601,9,7,2,12,10,2,36,20,16,53,34,19,83,54,29,216,148,68,384,259,125,380,201,179,282,121,161
"합계",강북구,삼각산동,1262,675,587,32,23,9,40,23,17,41,15,26,40,28,12,110,70,40,192,131,61,257,148,109,289,156,133,261,81,180
"합계",강북구,우이동,1037,574,463,11,10,1,22,15,7,28,20,8,47,30,17,72,43,29,158,101,57,222,149,73,247,122,125,230,84,146
"합계",강북구,인수동,1745,996,749,20,13,7,32,21,11,65,38,27,87,55,32,109,73,36,251,166,85,391,256,135,417,217,200,373,157,216
"합계",강북구,기타,4,2,2,-,-,-,-,-,-,-,-,-,-,-,-,1,-,1,-,-,-,2,1,1,1,1,-,-,-,-
"합계",도봉구,소계,15276,8837,6439,172,122,50,331,216,115,563,358,205,661,437,224,1047,710,337,2179,1444,735,3575,2255,1320,3507,1949,1558,3241,1346,1895
"합계",도봉구,쌍문1동,1120,637,483,15,8,7,24,15,9,44,25,19,44,32,12,66,52,14,166,104,62,272,156,116,249,146,103,240,99,141
"합계",도봉구,쌍문2동,906,526,380,12,8,4,21,17,4,32,18,14,34,18,16,68,46,22,138,97,41,219,142,77,203,111,92,179,69,110
"합계",도봉구,쌍문3동,848,469,379,7,5,2,16,5,11,43,26,17,46,34,12,54,39,15,119,79,40,188,110,78,212,100,112,163,71,92
"합계",도봉구,쌍문4동,646,353,293,5,5,-,17,11,6,30,18,12,20,11,9,44,31,13,97,61,36,158,96,62,126,73,53,149,47,102
"합계",도봉구,방학1동,1465,890,575,14,12,2,32,24,8,55,33,22,64,43,21,97,73,24,226,142,84,356,237,119,356,208,148,265,118,147
"합계",도봉구,방학2동,1259,736,523,15,11,4,31,22,9,50,30,20,44,22,22,102,58,44,215,152,63,306,193,113,272,149,123,224,99,125
"합계",도봉구,방학3동,1044,613,431,18,13,5,34,26,8,34,25,9,42,32,10,63,42,21,140,97,43,231,148,83,232,138,94,250,92,158
"합계",도봉구,창1동,989,552,437,8,3,5,16,4,12,38,21,17,51,41,10,66,47,19,138,103,35,207,115,92,232,138,94,233,80,153
"합계",도봉구,창2동,1335,776,559,17,9,8,36,25,11,39,28,11,48,32,16,106,68,38,208,138,70,305,194,111,308,164,144,268,118,150
"합계",도봉구,창3동,793,478,315,9,7,2,19,13,6,26,22,4,42,23,19,55,33,22,107,68,39,191,126,65,187,113,74,157,73,84
"합계",도봉구,창4동,950,516,434,13,11,2,23,15,8,43,26,17,48,34,14,59,33,26,132,80,52,216,136,80,196,104,92,220,77,143
"합계",도봉구,창5동,970,561,409,15,11,4,17,11,6,43,25,18,51,32,19,53,40,13,128,82,46,219,147,72,215,116,99,229,97,132
"합계",도봉구,도봉1동,1469,866,603,8,6,2,21,16,5,41,27,14,66,40,26,115,84,31,188,128,60,357,226,131,356,191,165,317,148,169
"합계",도봉구,도봉2동,1482,864,618,16,13,3,24,12,12,45,34,11,61,43,18,99,64,35,177,113,64,350,229,121,363,198,165,347,158,189
"합계",도봉구,기타,-,-,-,-,-,-,-,-,-,-,-,-,-,-,-,-,-,-,-,-,-,-,-,-,-,-,-,-,-,-
"합계",노원구,소계,26425,14631,11794,250,163,87,619,400,219,1015,654,361,1190,735,455,1987,1271,716,3809,2494,1315,6337,3842,2495,6032,3075,2957,5186,1997,3189
"합계",노원구,월계1동,928,534,394,14,7,7,22,14,8,36,26,10,26,16,10,81,58,23,107,75,32,188,120,68,235,122,113,219,96,123
"합계",노원구,월계2동,2213,1254,959,16,14,2,49,34,15,59,35,24,81,48,33,158,103,55,358,228,130,595,363,232,522,282,240,375,147,228
"합계",노원구,월계3동,1933,1041,892,16,8,8,22,18,4,52,34,18,71,45,26,110,69,41,258,164,94,498,286,212,522,274,248,384,143,241
"합계",노원구,공릉2동,1359,767,592,25,16,9,44,29,15,68,43,25,61,34,27,108,72,36,179,119,60,311,180,131,305,158,147,258,116,142
"합계",노원구,하계1동,1953,1037,916,13,6,7,41,29,12,94,58,36,101,67,34,144,87,57,319,196,123,502,301,201,401,180,221,338,113,225
"합계",노원구,하계2동,983,511,472,6,6,-,18,11,7,44,31,13,46,24,22,63,40,23,148,88,60,210,125,85,224,103,121,224,83,141
"합계",노원구,중계본동,724,407,317,8,6,2,31,18,13,39,23,16,30,17,13,80,52,28,107,77,30,147,101,46,148,71,77,134,42,92
"합계",노원구,중계1동,714,395,319,7,3,4,31,16,15,34,20,14,25,15,10,73,48,25,104,76,28,166,96,70,138,69,69,136,52,84
"합계",노원구,중계4동,1433,780,653,8,4,4,24,16,8,37,20,17,51,33,18,70,44,26,232,157,75,380,227,153,359,174,185,272,105,167
"합계",노원구,상계1동,1899,1087,812,23,15,8,55,36,19,85,51,34,124,72,52,163,99,64,241,164,77,423,260,163,415,223,192,370,167,203
"합계",노원구,상계2동,876,499,377,6,4,2,36,23,13,38,24,14,46,31,15,74,45,29,130,93,37,203,122,81,173,95,78,170,62,108
"합계",노원구,상계5동,1291,746,545,7,5,2,24,19,5,40,29,11,65,40,25,87,54,33,171,120,51,300,204,96,292,153,139,305,122,183
"합계",노원구,상계8동,731,381,350,12,9,3,19,10,9,37,22,15,63,40,23,88,58,30,93,64,29,126,62,64,135,60,75,158,56,102
"합계",노원구,상계9동,730,417,313,7,6,1,22,15,7,35,23,12,36,25,11,54,38,16,113,76,37,157,88,69,152,82,70,154,64,90
"합계",노원구,상계10동,561,318,243,11,8,3,9,6,3,39,29,10,40,25,15,50,33,17,72,48,24,108,62,46,112,64,48,120,43,77
"합계",노원구,상계3.4동,1682,947,735,20,15,5,33,22,11,55,38,17,66,47,19,135,88,47,225,153,72,391,244,147,405,209,196,352,131,221
"합계",노원구,상계6.7동,1266,691,575,25,13,12,41,21,20,61,34,27,65,39,26,94,61,33,209,134,75,262,162,100,252,130,122,257,97,160
"합계",노원구,중계2.3동,2987,1610,1377,12,10,2,58,36,22,92,70,22,100,58,42,216,133,83,437,268,169,767,472,295,728,346,382,577,217,360
"합계",노원구,공릉1동,2162,1209,953,14,8,6,40,27,13,70,44,26,93,59,34,139,89,50,306,194,112,603,367,236,514,280,234,383,141,242
"합계",노원구,기타,-,-,-,-,-,-,-,-,-,-,-,-,-,-,-,-,-,-,-,-,-,-,-,-,-,-,-,-,-,-
"합계",은평구,소계,21517,12544,8973,320,211,109,552,361,191,898,564,334,1027,662,365,1612,1117,495,3098,2098,1000,4706,2965,1741,4937,2659,2278,4367,1907,2460
"합계",은평구,녹번동,1628,928,700,22,13,9,23,16,7,69,40,29,74,48,26,105,70,35,224,148,76,345,235,110,395,205,190,371,153,218
"합계",은평구,불광1동,1672,930,742,15,9,6,38,25,13,58,39,19,68,39,29,124,84,40,231,144,87,321,203,118,396,202,194,421,185,236
"합계",은평구,갈현1동,699,393,306,7,7,-,14,9,5,34,21,13,41,21,20,58,35,23,113,72,41,168,96,72,127,70,57,137,62,75
"합계",은평구,갈현2동,1256,722,534,14,8,6,25,16,9,61,38,23,56,28,28,89,66,23,190,123,67,285,177,108,286,155,131,250,111,139
"합계",은평구,구산동,2143,1478,665,25,9,16,83,43,40,80,60,20,112,85,27,190,149,41,396,318,78,542,401,141,403,262,141,312,151,161
"합계",은평구,대조동,1230,719,511,15,11,4,21,12,9,47,29,18,68,47,21,90,66,24,171,105,66,264,169,95,296,158,138,258,122,136
"합계",은평구,응암1동,1358,753,605,28,19,9,35,17,18,48,27,21,63,43,20,102,70,32,198,140,58,267,159,108,327,156,171,290,122,168
"합계",은평구,응암2동,977,557,420,38,27,11,41,24,17,34,19,15,50,31,19,84,60,24,130,89,41,203,118,85,212,109,103,185,80,105
"합계",은평구,신사1동,1246,745,501,15,11,4,26,18,8,72,35,37,84,60,24,95,64,31,181,120,61,289,180,109,272,157,115,212,100,112
"합계",은평구,신사2동,883,512,371,18,13,5,22,15,7,43,27,16,38,25,13,56,39,17,113,78,35,212,127,85,205,117,88,176,71,105
"합계",은평구,증산동,804,464,340,9,6,3,19,17,2,31,18,13,46,28,18,50,33,17,121,78,43,198,124,74,176,97,79,154,63,91
"합계",은평구,수색동,798,436,362,17,10,7,21,15,6,44,27,17,53,32,21,54,37,17,105,76,29,156,95,61,185,92,93,163,52,111
"합계",은평구,진관동,1932,1109,823,44,30,14,84,63,21,91,61,30,86,52,34,156,101,55,246,174,72,375,207,168,435,239,196,415,182,233
"합계",은평구,불광2동,1422,850,572,14,13,1,26,19,7,49,33,16,56,38,18,95,64,31,197,128,69,323,212,111,364,199,165,298,144,154
"합계",은평구,응암3동,1340,752,588,11,5,6,19,14,5,50,33,17,40,27,13,85,63,22,180,117,63,311,186,125,329,171,158,315,136,179
"합계",은평구,역촌동,2129,1196,933,28,20,8,55,38,17,87,57,30,92,58,34,179,116,63,302,188,114,447,276,171,529,270,259,410,173,237
"합계",은평구,기타,-,-,-,-,-,-,-,-,-,-,-,-,-,-,-,-,-,-,-,-,-,-,-,-,-,-,-,-,-,-
"합계",서대문구,소계,12152,6791,5361,175,126,49,309,194,115,502,323,179,509,336,173,849,579,270,1651,1106,545,2644,1658,986,2679,1347,1332,2834,1122,1712
"합계",서대문구,천연동,688,391,297,10,6,4,19,12,7,28,17,11,16,10,6,36,27,9,91,63,28,155,102,53,154,84,70,179,70,109
"합계",서대문구,홍제1동,948,520,428,17,13,4,21,12,9,43,26,17,48,31,17,52,35,17,119,73,46,216,140,76,201,101,100,231,89,142
"합계",서대문구,홍제3동,872,495,377,9,7,2,19,11,8,26,21,5,33,20,13,59,42,17,115,79,36,185,116,69,213,110,103,213,89,124
"합계",서대문구,홍제2동,583,303,280,8,7,1,12,7,5,21,12,9,25,14,11,28,15,13,84,52,32,118,73,45,139,64,75,148,59,89
"합계",서대문구,홍은1동,1030,551,479,17,15,2,26,19,7,35,19,16,32,18,14,65,42,23,140,97,43,226,135,91,230,119,111,259,87,172
"합계",서대문구,홍은2동,1262,724,538,15,7,8,36,22,14,68,39,29,67,48,19,91,60,31,209,152,57,272,165,107,263,133,130,241,98,143
"합계",서대문구,남가좌1동,550,298,252,19,13,6,18,7,11,17,10,7,18,11,7,38,26,12,80,53,27,111,70,41,104,51,53,145,57,88
"합계",서대문구,남가좌2동,1184,653,531,20,14,6,26,17,9,58,41,17,48,30,18,99,68,31,142,91,51,266,158,108,277,134,143,248,100,148
"합계",서대문구,북가좌1동,676,376,300,7,4,3,27,14,13,24,14,10,30,21,9,57,36,21,88,62,26,123,80,43,163,78,85,157,67,90
"합계",서대문구,북가좌2동,1519,854,665,20,16,4,39,25,14,47,32,15,57,42,15,127,80,47,206,128,78,369,222,147,347,187,160,307,122,185
"합계",서대문구,충현동,725,434,291,9,7,2,10,7,3,24,19,5,35,23,12,56,47,9,99,67,32,182,122,60,138,80,58,172,62,110
"합계",서대문구,북아현동,519,292,227,3,3,-,16,12,4,18,10,8,31,23,8,33,25,8,68,45,23,122,85,37,113,52,61,115,37,78
"합계",서대문구,신촌동,455,236,219,6,4,2,13,8,5,37,20,17,26,16,10,29,20,9,63,41,22,77,46,31,73,29,44,131,52,79
"합계",서대문구,연희동,1141,664,477,15,10,5,27,21,6,56,43,13,43,29,14,79,56,23,147,103,44,222,144,78,264,125,139,288,133,155
"합계",서대문구,기타,-,-,-,-,-,-,-,-,-,-,-,-,-,-,-,-,-,-,-,-,-,-,-,-,-,-,-,-,-,-
"합계",마포구,소계,12747,7175,5572,175,122,53,313,204,109,533,311,222,593,369,224,1016,697,319,1770,1186,584,2662,1663,999,2827,1452,1375,2858,1171,1687
"합계",마포구,용강동,600,338,262,9,6,3,18,11,7,14,8,6,23,16,7,60,40,20,78,62,16,123,75,48,134,65,69,141,55,86
"합계",마포구,대흥동,452,265,187,-,-,-,6,6,-,22,12,10,29,18,11,39,29,10,68,44,24,84,49,35,95,58,37,109,49,60
"합계",마포구,염리동,527,276,251,8,3,5,10,6,4,26,16,10,18,11,7,56,35,21,89,56,33,88,60,28,107,42,65,125,47,78
"합계",마포구,신수동,663,389,274,15,10,5,17,12,5,27,17,10,23,12,11,58,36,22,87,66,21,125,78,47,156,89,67,155,69,86
"합계",마포구,서교동,638,386,252,6,5,1,5,3,2,42,25,17,46,34,12,58,41,17,75,55,20,116,70,46,144,78,66,146,75,71
"합계",마포구,합정동,529,298,231,2,-,2,9,5,4,24,17,7,21,14,7,41,33,8,83,56,27,99,65,34,121,55,66,129,53,76
"합계",마포구,망원1동,753,428,325,6,5,1,9,8,1,27,15,12,37,23,14,59,41,18,114,73,41,177,112,65,178,90,88,146,61,85
"합계",마포구,망원2동,760,434,326,5,3,2,15,7,8,29,16,13,26,17,9,66,46,20,118,85,33,150,99,51,193,95,98,158,66,92
"합계",마포구,연남동,477,267,210,3,1,2,13,12,1,14,8,6,27,20,7,29,19,10,67,41,26,100,67,33,103,50,53,121,49,72
"합계",마포구,성산1동,679,387,292,7,5,2,26,16,10,32,15,17,31,23,8,60,43,17,100,61,39,144,91,53,139,70,69,140,63,77
"합계",마포구,성산2동,1956,1063,893,18,8,10,49,32,17,89,50,39,85,46,39,152,102,50,257,167,90,437,276,161,469,227,242,400,155,245
"합계",마포구,상암동,1150,640,510,24,22,2,49,31,18,69,42,27,49,27,22,94,64,30,174,117,57,233,125,108,225,124,101,233,88,145
"합계",마포구,도화동,707,379,328,6,3,3,18,11,7,24,13,11,33,23,10,47,31,16,76,51,25,163,90,73,159,87,72,181,70,111
"합계",마포구,서강동,671,364,307,16,11,5,24,12,12,23,11,12,35,19,16,42,25,17,92,60,32,134,80,54,147,78,69,158,68,90
"합계",마포구,공덕동,1455,839,616,28,22,6,25,18,7,47,27,20,69,41,28,102,74,28,198,132,66,319,213,106,315,171,144,352,141,211
"합계",마포구,아현동,730,422,308,22,18,4,20,14,6,24,19,5,41,25,16,53,38,15,94,60,34,170,113,57,142,73,69,164,62,102
"합계",마포구,기타,-,-,-,-,-,-,-,-,-,-,-,-,-,-,-,-,-,-,-,-,-,-,-,-,-,-,-,-,-,-
"합계",양천구,소계,17673,10307,7366,232,160,72,468,310,158,652,414,238,732,499,233,1403,920,483,2484,1680,804,4145,2628,1517,4249,2378,1871,3308,1318,1990
"합계",양천구,목1동,689,390,299,16,10,6,41,25,16,36,21,15,27,18,9,67,44,23,93,61,32,121,70,51,150,90,60,138,51,87
"합계",양천구,목2동,1038,614,424,12,9,3,25,15,10,38,18,20,64,47,17,104,62,42,153,99,54,240,168,72,215,126,89,187,70,117
"합계",양천구,목3동,904,544,360,10,7,3,12,8,4,35,26,9,41,29,12,70,44,26,144,105,39,235,150,85,201,118,83,156,57,99
"합계",양천구,목4동,828,489,339,9,5,4,26,14,12,40,28,12,38,30,8,77,53,24,137,89,48,163,105,58,196,113,83,142,52,90
"합계",양천구,신월1동,1272,759,513,11,9,2,23,15,8,48,29,19,37,25,12,95,67,28,205,129,76,345,227,118,303,172,131,205,86,119
"합계",양천구,신월2동,1003,584,419,15,8,7,26,19,7,27,18,9,42,24,18,73,45,28,127,86,41,250,152,98,268,157,111,175,75,100
"합계",양천구,신월3동,990,601,389,8,8,-,25,19,6,26,14,12,41,30,11,70,41,29,149,114,35,261,169,92,244,130,114,166,76,90
"합계",양천구,신월4동,960,554,406,18,10,8,25,20,5,29,17,12,30,21,9,76,52,24,121,79,42,206,135,71,279,148,131,176,72,104
"합계",양천구,신월5동,714,408,306,5,3,2,14,9,5,28,20,8,27,16,11,57,44,13,95,67,28,174,97,77,172,98,74,142,54,88
"합계",양천구,신월6동,478,307,171,13,11,2,22,15,7,10,8,2,20,18,2,37,26,11,64,43,21,123,80,43,109,71,38,80,35,45
"합계",양천구,신월7동,1141,642,499,8,4,4,9,6,3,33,20,13,49,32,17,70,46,24,151,101,50,296,182,114,297,158,139,228,93,135
"합계",양천구,신정1동,555,326,229,16,14,2,21,15,6,16,11,5,19,11,8,46,26,20,69,49,20,117,75,42,132,78,54,119,47,72
"합계",양천구,신정2동,707,416,291,13,12,1,24,13,11,24,14,10,32,25,7,50,35,15,88,56,32,160,107,53,169,95,74,147,59,88
"합계",양천구,신정3동,2233,1281,952,28,15,13,78,51,27,97,67,30,89,58,31,168,113,55,321,223,98,519,330,189,517,268,249,416,156,260
"합계",양천구,신정6동,447,267,180,10,8,2,12,8,4,30,19,11,21,13,8,42,25,17,63,41,22,94,57,37,97,62,35,78,34,44
"합계",양천구,신정7동,1380,728,652,15,11,4,30,18,12,39,27,12,44,26,18,80,56,24,175,113,62,332,195,137,339,167,172,326,115,211
"합계",양천구,목5동,721,410,311,14,8,6,34,24,10,38,24,14,33,20,13,81,52,29,89,60,29,121,74,47,154,84,70,157,64,93
"합계",양천구,신정4동,1613,987,626,11,8,3,21,16,5,58,33,25,78,56,22,140,89,51,240,165,75,388,255,133,407,243,164,270,122,148
"합계",양천구,기타,-,-,-,-,-,-,-,-,-,-,-,-,-,-,-,-,-,-,-,-,-,-,-,-,-,-,-,-,-,-
"합계",강서구,소계,28319,16423,11896,305,193,112,538,357,181,913,568,345,1307,855,452,2197,1472,725,4024,2642,1382,7617,4726,2891,6540,3661,2879,4878,1949,2929
"합계",강서구,염창동,1043,645,398,30,17,13,55,40,15,55,37,18,67,40,27,84,62,22,109,77,32,221,145,76,222,133,89,200,94,106
"합계",강서구,등촌1동,739,408,331,8,7,1,17,13,4,28,20,8,49,34,15,61,43,18,86,56,30,155,91,64,154,78,76,181,66,115
"합계",강서구,등촌2동,711,434,277,8,5,3,13,6,7,23,14,9,36,24,12,60,45,15,84,56,28,167,120,47,180,107,73,140,57,83
"합계",강서구,등촌3동,3647,2038,1609,15,9,6,28,19,9,85,57,28,128,83,45,188,110,78,615,370,245,1184,739,445,803,442,361,601,209,392
"합계",강서구,화곡본동,1398,832,566,18,13,5,40,28,12,45,28,17,79,53,26,146,109,37,213,143,70,354,213,141,300,166,134,203,79,124
"합계",강서구,화곡2동,781,465,316,10,6,4,24,15,9,28,21,7,35,18,17,74,49,25,116,83,33,196,123,73,184,106,78,114,44,70
"합계",강서구,화곡3동,827,465,362,6,4,2,15,10,5,23,14,9,46,30,16,64,37,27,102,72,30,204,127,77,207,115,92,160,56,104
"합계",강서구,화곡4동,966,571,395,12,10,2,18,13,5,30,22,8,39,29,10,81,48,33,162,102,60,229,138,91,224,130,94,171,79,92
"합계",강서구,화곡6동,1027,598,429,14,7,7,23,14,9,55,30,25,78,45,33,118,82,36,143,92,51,224,138,86,221,139,82,151,51,100
"합계",강서구,화곡8동,1030,563,467,11,7,4,26,17,9,33,19,14,42,27,15,83,57,26,138,83,55,241,133,108,279,151,128,177,69,108
"합계",강서구,가양1동,769,457,312,12,8,4,25,15,10,44,23,21,63,49,14,80,55,25,90,58,32,201,133,68,127,71,56,127,45,82
"합계",강서구,가양2동,2344,1367,977,5,2,3,14,10,4,51,29,22,79,42,37,121,84,37,348,225,123,843,534,309,527,305,222,356,136,220
"합계",강서구,가양3동,1563,810,753,5,1,4,10,7,3,28,19,9,48,29,19,113,77,36,211,132,79,481,265,216,393,192,201,274,88,186
"합계",강서구,발산1동,1512,873,639,18,13,5,59,43,16,54,31,23,64,35,29,126,88,38,234,151,83,378,223,155,313,163,150,266,126,140
"합계",강서구,공항동,1264,762,502,34,21,13,24,14,10,50,35,15,65,46,19,121,76,45,188,123,65,330,208,122,254,135,119,198,104,94
"합계",강서구,방화1동,1788,1099,689,25,19,6,59,34,25,58,30,28,76,52,24,166,117,49,217,167,50,423,275,148,439,265,174,325,140,185
"합계",강서구,방화2동,1600,927,673,13,5,8,10,8,2,47,30,17,74,56,18,122,76,46,218,150,68,407,250,157,401,230,171,308,122,186
"합계",강서구,방화3동,1930,1083,847,9,4,5,19,11,8,39,27,12,59,40,19,108,68,40,266,161,105,567,353,214,475,272,203,388,147,241
"합계",강서구,화곡1동,2132,1281,851,32,20,12,23,16,7,74,41,33,106,76,30,164,109,55,324,231,93,536,335,201,538,300,238,335,153,182
"합계",강서구,우장산동,1247,744,503,20,15,5,36,24,12,63,41,22,74,47,27,117,80,37,160,110,50,275,182,93,299,161,138,203,84,119
"합계",강서구,기타,1,1,-,-,-,-,-,-,-,-,-,-,-,-,-,-,-,-,-,-,-,1,1,-,-,-,-,-,-,-
"합계",구로구,소계,18906,11159,7747,233,154,79,432,271,161,668,427,241,895,567,328,1409,976,433,2517,1674,843,4508,2907,1601,4698,2653,2045,3546,1530,2016
"합계",구로구,신도림동,962,568,394,20,13,7,38,26,12,47,34,13,58,38,20,83,56,27,118,75,43,216,138,78,207,122,85,175,66,109
"합계",구로구,구로1동,546,330,216,10,9,1,14,9,5,16,14,2,26,19,7,40,28,12,69,43,26,133,85,48,132,76,56,106,47,59
"합계",구로구,구로3동,931,532,399,14,11,3,18,9,9,31,21,10,37,22,15,76,55,21,135,87,48,201,119,82,219,123,96,200,85,115
"합계",구로구,구로4동,1271,724,547,10,9,1,15,11,4,39,28,11,62,34,28,76,62,14,167,110,57,315,199,116,342,184,158,245,87,158
"합계",구로구,구로5동,1187,714,473,17,11,6,21,12,9,40,21,19,62,44,18,87,65,22,149,101,48,274,190,84,294,167,127,243,103,140
"합계",구로구,고척1동,1152,706,446,13,10,3,30,21,9,42,24,18,60,40,20,77,54,23,148,105,43,283,193,90,273,163,110,226,96,130
"합계",구로구,고척2동,1377,801,576,11,7,4,32,19,13,50,33,17,42,22,20,99,69,30,188,124,64,345,216,129,340,188,152,270,123,147
"합계",구로구,개봉2동,1453,868,585,14,10,4,24,18,6,51,35,16,50,26,24,107,69,38,185,124,61,363,236,127,391,222,169,268,128,140
"합계",구로구,개봉3동,1091,652,439,11,5,6,23,18,5,28,11,17,39,26,13,84,55,29,175,117,58,246,162,84,281,170,111,204,88,116
"합계",구로구,오류1동,1148,673,475,10,6,4,18,11,7,30,15,15,78,50,28,88,60,28,140,101,39,273,179,94,277,157,120,234,94,140
"합계",구로구,수궁동,1272,752,520,15,7,8,38,26,12,40,28,12,77,53,24,91,53,38,167,110,57,312,200,112,317,178,139,215,97,118
"합계",구로구,가리봉동,562,366,196,4,4,-,6,3,3,12,8,4,27,19,8,31,23,8,86,64,22,157,114,43,146,97,49,93,34,59
"합계",구로구,구로2동,1519,877,642,13,6,7,27,14,13,46,31,15,52,28,24,93,67,26,215,141,74,401,258,143,393,209,184,279,123,156
"합계",구로구,개봉1동,1665,990,675,20,13,7,35,20,15,65,43,22,86,57,29,120,76,44,228,161,67,399,258,141,392,210,182,320,152,168
"합계",구로구,오류2동,2174,1236,938,26,18,8,68,40,28,99,61,38,99,65,34,186,137,49,273,162,111,458,279,179,565,303,262,400,171,229
"합계",구로구,항동,596,370,226,25,15,10,25,14,11,32,20,12,40,24,16,71,47,24,74,49,25,132,81,51,129,84,45,68,36,32
"합계",구로구,기타,-,-,-,-,-,-,-,-,-,-,-,-,-,-,-,-,-,-,-,-,-,-,-,-,-,-,-,-,-,-
"합계",금천구,소계,11833,7100,4733,119,82,37,220,145,75,407,269,138,494,307,187,823,573,250,1899,1307,592,3050,1987,1063,2801,1549,1252,2020,881,1139
"합계",금천구,가산동,763,474,289,2,-,2,8,6,2,34,19,15,48,32,16,62,43,19,131,98,33,182,122,60,179,98,81,117,56,61
"합계",금천구,독산1동,2094,1259,835,25,19,6,45,26,19,69,42,27,97,59,38,154,101,53,338,230,108,532,365,167,508,267,241,326,150,176
"합계",금천구,독산2동,982,593,389,11,8,3,22,12,10,38,25,13,40,28,12,66,41,25,157,103,54,265,180,85,219,126,93,164,70,94
"합계",금천구,독산3동,1278,796,482,10,9,1,15,10,5,44,29,15,54,34,20,98,74,24,203,150,53,357,214,143,296,184,112,201,92,109
"합계",금천구,독산4동,816,516,300,15,10,5,9,8,1,31,20,11,37,27,10,60,46,14,138,95,43,213,149,64,194,108,86,119,53,66
"합계",금천구,시흥1동,1725,1029,696,16,12,4,39,27,12,77,53,24,78,44,34,107,72,35,270,194,76,419,264,155,415,232,183,304,131,173
"합계",금천구,시흥2동,1167,672,495,8,6,2,30,21,9,28,23,5,31,20,11,65,45,20,173,120,53,328,204,124,254,133,121,250,100,150
"합계",금천구,시흥3동,531,323,208,3,1,2,4,2,2,13,11,2,23,15,8,34,27,7,93,62,31,122,81,41,140,81,59,99,43,56
"합계",금천구,시흥4동,1182,702,480,9,5,4,23,18,5,34,23,11,47,27,20,91,57,34,182,107,75,309,206,103,301,175,126,186,84,102
"합계",금천구,시흥5동,1295,736,559,20,12,8,25,15,10,39,24,15,39,21,18,86,67,19,214,148,66,323,202,121,295,145,150,254,102,152
"합계",금천구,기타,-,-,-,-,-,-,-,-,-,-,-,-,-,-,-,-,-,-,-,-,-,-,-,-,-,-,-,-,-,-
"합계",영등포구,소계,14645,8709,5936,171,119,52,314,211,103,540,345,195,718,448,270,1092,772,320,1927,1354,573,3313,2220,1093,3456,1926,1530,3114,1314,1800
"합계",영등포구,여의동,786,442,344,17,13,4,31,22,9,37,19,18,42,27,15,44,30,14,78,50,28,148,91,57,165,99,66,224,91,133
"합계",영등포구,당산1동,795,483,312,12,5,7,14,9,5,23,15,8,51,35,16,76,55,21,99,73,26,165,114,51,173,98,75,182,79,103
"합계",영등포구,당산2동,920,537,383,18,13,5,26,15,11,44,26,18,53,31,22,66,50,16,108,73,35,178,123,55,205,111,94,222,95,127
"합계",영등포구,양평1동,661,388,273,4,2,2,14,8,6,20,15,5,41,21,20,59,41,18,74,53,21,130,90,40,174,88,86,145,70,75
"합계",영등포구,양평2동,591,362,229,13,11,2,14,11,3,23,17,6,36,18,18,41,31,10,95,65,30,133,93,40,126,72,54,110,44,66
"합계",영등포구,신길1동,908,534,374,11,4,7,10,7,3,42,27,15,45,29,16,71,45,26,115,85,30,204,142,62,222,114,108,188,81,107
"합계",영등포구,신길3동,809,476,333,9,8,1,14,7,7,28,19,9,26,16,10,64,48,16,119,85,34,204,130,74,204,106,98,141,57,84
"합계",영등포구,신길4동,626,347,279,5,4,1,11,9,2,17,11,6,28,18,10,55,37,18,80,54,26,148,91,57,142,71,71,140,52,88
"합계",영등포구,신길5동,561,339,222,8,7,1,13,10,3,17,12,5,23,16,7,43,32,11,66,45,21,138,93,45,133,77,56,120,47,73
"합계",영등포구,신길6동,764,426,338,7,5,2,24,18,6,36,23,13,26,14,12,56,35,21,93,59,34,166,100,66,196,108,88,160,64,96
"합계",영등포구,신길7동,577,335,242,14,10,4,22,15,7,27,15,12,29,16,13,42,30,12,65,36,29,134,89,45,126,66,60,118,58,60
"합계",영등포구,대림1동,857,501,356,5,2,3,16,12,4,23,16,7,40,23,17,40,27,13,109,74,35,210,131,79,225,123,102,189,93,96
"합계",영등포구,대림2동,778,440,338,2,1,1,15,6,9,24,15,9,21,13,8,39,31,8,108,71,37,199,133,66,208,104,104,162,66,96
"합계",영등포구,대림3동,1204,725,479,9,7,2,17,9,8,48,34,14,64,36,28,73,50,23,169,119,50,295,190,105,291,170,121,238,110,128
"합계",영등포구,영등포본동,1054,660,394,10,6,4,17,12,5,28,15,13,41,32,9,94,69,25,153,114,39,258,184,74,235,141,94,218,87,131
"합계",영등포구,영등포동,950,635,315,7,4,3,12,7,5,48,27,21,69,50,19,81,66,15,154,122,32,232,174,58,178,115,63,169,70,99
"합계",영등포구,도림동,887,529,358,2,2,-,15,12,3,27,19,8,39,24,15,69,48,21,136,97,39,209,139,70,218,120,98,172,68,104
"합계",영등포구,문래동,917,550,367,18,15,3,29,22,7,28,20,8,44,29,15,79,47,32,106,79,27,162,113,49,235,143,92,216,82,134
"합계",영등포구,기타,-,-,-,-,-,-,-,-,-,-,-,-,-,-,-,-,-,-,-,-,-,-,-,-,-,-,-,-,-,-
"합계",동작구,소계,14168,8140,6028,179,123,56,334,227,107,573,367,206,692,463,229,1091,730,361,1835,1195,640,3099,1953,1146,3398,1795,1603,2967,1287,1680
"합계",동작구,노량진2동,518,301,217,3,1,2,6,4,2,24,15,9,26,15,11,41,27,14,68,44,24,121,76,45,135,69,66,94,50,44
"합계",동작구,상도1동,1495,841,654,20,12,8,40,23,17,63,43,20,67,46,21,132,86,46,185,112,73,323,198,125,369,198,171,296,123,173
"합계",동작구,상도2동,911,535,376,16,13,3,32,26,6,36,25,11,41,28,13,81,51,30,122,80,42,172,112,60,215,123,92,196,77,119
"합계",동작구,상도3동,1124,613,511,8,7,1,25,20,5,50,28,22,51,31,20,84,53,31,163,92,71,244,147,97,286,140,146,213,95,118
"합계",동작구,상도4동,1283,775,508,20,14,6,60,47,13,71,43,28,77,49,28,93,65,28,172,111,61,279,196,83,273,142,131,238,108,130
"합계",동작구,사당1동,746,443,303,7,3,4,10,4,6,35,20,15,46,32,14,62,39,23,93,61,32,169,110,59,198,117,81,126,57,69
"합계",동작구,사당3동,777,477,300,12,8,4,16,11,5,30,19,11,48,36,12,67,49,18,78,53,25,163,111,52,207,108,99,156,82,74
"합계",동작구,사당4동,553,321,232,5,3,2,5,3,2,15,10,5,23,17,6,40,30,10,87,60,27,134,78,56,131,72,59,113,48,65
"합계",동작구,사당5동,522,294,228,7,7,-,10,5,5,17,10,7,23,19,4,42,23,19,70,46,24,118,80,38,117,52,65,118,52,66
"합계",동작구,대방동,1512,847,665,22,19,3,34,18,16,66,40,26,61,40,21,106,70,36,206,141,65,349,202,147,369,196,173,299,121,178
"합계",동작구,신대방1동,832,482,350,12,7,5,18,13,5,38,27,11,39,28,11,63,36,27,137,94,43,169,100,69,189,109,80,167,68,99
"합계",동작구,신대방2동,783,448,335,12,7,5,25,18,7,26,19,7,37,23,14,56,37,19,82,52,30,184,116,68,174,97,77,187,79,108
"합계",동작구,흑석동,953,546,407,11,6,5,21,18,3,29,20,9,30,20,10,72,50,22,120,80,40,196,130,66,225,112,113,249,110,139
"합계",동작구,노량진1동,1228,684,544,15,8,7,22,12,10,44,26,18,74,49,25,79,61,18,148,103,45,289,175,114,271,140,131,286,110,176
"합계",동작구,사당2동,931,533,398,9,8,1,10,5,5,29,22,7,49,30,19,73,53,20,104,66,38,189,122,67,239,120,119,229,107,122
"합계",동작구,기타,-,-,-,-,-,-,-,-,-,-,-,-,-,-,-,-,-,-,-,-,-,-,-,-,-,-,-,-,-,-
"합계",관악구,소계,20112,11771,8341,233,165,68,374,241,133,817,521,296,1007,661,346,1594,1092,502,2839,1926,913,4461,2809,1652,4855,2627,2228,3932,1729,2203
"합계",관악구,보라매동,1116,640,476,24,21,3,31,20,11,39,23,16,61,41,20,80,52,28,158,103,55,229,144,85,275,141,134,219,95,124
"합계",관악구,청림동,666,367,299,7,6,1,15,9,6,20,15,5,18,14,4,56,35,21,90,63,27,130,78,52,169,78,91,161,69,92
"합계",관악구,행운동,1006,576,430,8,7,1,21,12,9,33,17,16,61,36,25,75,52,23,155,106,49,222,140,82,231,127,104,200,79,121
"합계",관악구,낙성대동,444,244,200,7,5,2,6,4,2,38,23,15,24,13,11,33,24,9,50,34,16,74,46,28,120,55,65,92,40,52
"합계",관악구,중앙동,581,346,235,6,5,1,8,3,5,27,16,11,35,20,15,43,28,15,75,56,19,125,77,48,128,69,59,134,72,62
"합계",관악구,인헌동,919,506,413,12,6,6,12,7,5,35,16,19,37,23,14,74,48,26,124,78,46,213,128,85,228,119,109,184,81,103
"합계",관악구,남현동,562,344,218,12,12,-,6,5,1,19,12,7,40,33,7,34,27,7,71,51,20,127,77,50,146,80,66,107,47,60
"합계",관악구,서원동,803,498,305,3,3,-,12,9,3,45,33,12,48,36,12,77,54,23,94,64,30,201,119,82,200,115,85,123,65,58
"합계",관악구,신원동,850,478,372,2,2,-,9,4,5,29,23,6,55,38,17,54,40,14,120,78,42,186,110,76,217,122,95,178,61,117
"합계",관악구,서림동,891,521,370,11,6,5,11,6,5,41,28,13,58,40,18,88,56,32,145,96,49,186,118,68,186,104,82,165,67,98
"합계",관악구,신사동,916,552,364,8,4,4,16,12,4,35,22,13,45,25,20,89,61,28,143,102,41,201,132,69,208,114,94,171,80,91
"합계",관악구,신림동,551,344,207,2,1,1,6,3,3,41,28,13,61,42,19,63,48,15,89,64,25,90,54,36,101,57,44,98,47,51
"합계",관악구,난향동,702,418,284,13,9,4,16,10,6,30,19,11,27,17,10,50,30,20,107,73,34,163,110,53,165,96,69,131,54,77
"합계",관악구,조원동,747,477,270,11,9,2,15,9,6,28,18,10,33,20,13,56,41,15,95,76,19,187,126,61,202,114,88,120,64,56
"합계",관악구,대학동,774,494,280,6,6,-,16,12,4,55,36,19,63,44,19,83,67,16,117,88,29,160,103,57,144,84,60,130,54,76
"합계",관악구,은천동,1653,963,690,21,12,9,44,26,18,50,37,13,70,41,29,123,78,45,248,159,89,372,237,135,408,228,180,317,145,172
"합계",관악구,성현동,1395,768,627,23,16,7,21,14,7,45,33,12,56,37,19,103,68,35,196,129,67,335,203,132,331,160,171,285,108,177
"합계",관악구,청룡동,1156,669,487,14,7,7,15,10,5,50,30,20,67,42,25,90,62,28,146,95,51,245,152,93,288,160,128,241,111,130
"합계",관악구,난곡동,1570,920,650,21,13,8,40,27,13,49,30,19,59,40,19,121,76,45,249,165,84,370,249,121,389,206,183,272,114,158
"합계",관악구,삼성동,1369,786,583,7,7,-,25,19,6,46,29,17,46,28,18,96,71,25,175,125,50,297,180,117,329,175,154,348,152,196
"합계",관악구,미성동,1441,860,581,15,8,7,29,20,9,62,33,29,43,31,12,106,74,32,192,121,71,348,226,122,390,223,167,256,124,132
"합계",관악구,기타,-,-,-,-,-,-,-,-,-,-,-,-,-,-,-,-,-,-,-,-,-,-,-,-,-,-,-,-,-,-
"합계",서초구,소계,10159,5975,4184,214,150,64,415,281,134,455,301,154,511,339,172,898,608,290,1316,885,431,2040,1257,783,2323,1268,1055,1987,886,1101
"합계",서초구,서초1동,473,270,203,6,4,2,13,10,3,27,22,5,27,18,9,38,20,18,59,40,19,100,60,40,97,52,45,106,44,62
"합계",서초구,서초2동,400,237,163,10,7,3,15,12,3,20,14,6,26,18,8,42,25,17,47,35,12,78,52,26,88,44,44,74,30,44
"합계",서초구,서초3동,716,433,283,10,9,1,30,20,10,36,24,12,53,36,17,58,41,17,86,66,20,136,88,48,154,77,77,153,72,81
"합계",서초구,서초4동,501,320,181,26,16,10,36,26,10,23,18,5,30,23,7,47,35,12,60,43,17,71,45,26,96,58,38,112,56,56
"합계",서초구,잠원동,486,295,191,9,7,2,24,15,9,30,20,10,21,17,4,51,35,16,58,37,21,96,59,37,107,62,45,90,43,47
"합계",서초구,반포본동,3,1,2,-,-,-,-,-,-,-,-,-,-,-,-,-,-,-,-,-,-,-,-,-,-,-,-,3,1,2
"합계",서초구,반포1동,607,366,241,15,10,5,27,18,9,23,10,13,28,20,8,66,51,15,83,64,19,118,69,49,132,71,61,115,53,62
"합계",서초구,반포2동,370,220,150,6,3,3,17,14,3,12,7,5,13,11,2,27,20,7,37,29,8,63,33,30,106,52,54,89,51,38
"합계",서초구,반포3동,425,232,193,14,10,4,17,10,7,20,18,2,19,11,8,37,25,12,47,33,14,60,37,23,95,46,49,116,42,74
"합계",서초구,반포4동,339,207,132,8,6,2,20,12,8,11,6,5,17,10,7,28,19,9,45,31,14,61,43,18,73,47,26,76,33,43
"합계",서초구,방배본동,477,286,191,10,8,2,15,14,1,15,8,7,20,19,1,51,33,18,78,51,27,89,61,28,94,46,48,105,46,59
"합계",서초구,방배1동,485,276,209,7,4,3,14,9,5,16,10,6,26,13,13,52,38,14,61,38,23,95,57,38,123,64,59,91,43,48
"합계",서초구,방배2동,608,348,260,11,6,5,15,7,8,25,13,12,28,17,11,49,32,17,76,47,29,130,77,53,164,94,70,110,55,55
"합계",서초구,방배3동,347,205,142,6,6,-,10,8,2,19,9,10,14,6,8,25,18,7,37,26,11,74,52,22,82,46,36,80,34,46
"합계",서초구,방배4동,587,349,238,14,7,7,18,8,10,13,10,3,26,18,8,53,35,18,83,50,33,106,75,31,141,89,52,133,57,76
"합계",서초구,양재1동,1856,1026,830,27,19,8,60,33,27,78,44,34,72,42,30,147,92,55,248,160,88,479,279,200,448,239,209,297,118,179
"합계",서초구,양재2동,661,413,248,14,11,3,24,18,6,22,16,6,40,25,15,65,47,18,112,75,37,135,87,48,146,84,62,103,50,53
"합계",서초구,내곡동,818,491,327,21,17,4,60,47,13,65,52,13,51,35,16,62,42,20,99,60,39,149,83,66,177,97,80,134,58,76
"합계",서초구,기타,-,-,-,-,-,-,-,-,-,-,-,-,-,-,-,-,-,-,-,-,-,-,-,-,-,-,-,-,-,-
"합계",강남구,소계,15416,8974,6442,293,209,84,546,366,180,632,411,221,758,498,260,1346,922,424,2036,1323,713,3414,2029,1385,3504,1977,1527,2887,1239,1648
"합계",강남구,신사동,383,221,162,5,3,2,15,10,5,13,6,7,12,9,3,21,14,7,42,30,12,63,37,26,102,58,44,110,54,56
"합계",강남구,개포3동,1127,572,555,14,8,6,27,19,8,33,21,12,43,26,17,62,33,29,129,83,46,316,172,144,329,155,174,174,55,119
"합계",강남구,논현1동,555,335,220,11,8,3,15,9,6,24,19,5,39,27,12,74,50,24,65,39,26,114,73,41,110,62,48,103,48,55
"합계",강남구,논현2동,471,286,185,5,4,1,7,6,1,24,15,9,27,17,10,53,37,16,63,41,22,81,47,34,103,65,38,108,54,54
"합계",강남구,삼성1동,283,178,105,5,3,2,14,10,4,10,7,3,10,6,4,28,21,7,41,27,14,57,38,19,62,42,20,56,24,32
"합계",강남구,삼성2동,587,357,230,12,5,7,26,19,7,24,16,8,29,26,3,60,47,13,79,55,24,99,61,38,119,58,61,139,70,69
"합계",강남구,대치1동,274,165,109,10,7,3,10,3,7,12,9,3,13,9,4,23,14,9,36,24,12,42,29,13,61,32,29,67,38,29
"합계",강남구,대치4동,366,208,158,2,2,-,13,8,5,13,8,5,23,15,8,61,40,21,56,39,17,50,28,22,71,27,44,77,41,36
"합계",강남구,역삼1동,717,419,298,6,4,2,15,10,5,25,12,13,63,41,22,95,69,26,111,72,39,147,88,59,134,67,67,121,56,65
"합계",강남구,역삼2동,651,395,256,8,7,1,37,27,10,26,16,10,35,23,12,96,64,32,90,58,32,108,66,42,149,82,67,102,52,50
"합계",강남구,도곡1동,366,207,159,8,7,1,15,11,4,20,11,9,22,15,7,39,27,12,45,27,18,67,36,31,69,39,30,81,34,47
"합계",강남구,도곡2동,523,329,194,21,14,7,24,18,6,22,14,8,23,15,8,38,28,10,66,54,12,78,53,25,111,70,41,140,63,77
"합계",강남구,개포1동,291,196,95,9,7,2,4,4,-,11,8,3,12,6,6,24,16,8,39,31,8,60,45,15,76,57,19,56,22,34
"합계",강남구,개포4동,596,358,238,11,9,2,27,23,4,29,13,16,30,18,12,50,40,10,98,64,34,134,77,57,126,79,47,91,35,56
"합계",강남구,일원본동,714,352,362,36,27,9,48,35,13,48,32,16,37,27,10,56,33,23,116,43,73,167,62,105,107,55,52,99,38,61
"합계",강남구,일원1동,1082,617,465,20,16,4,25,17,8,35,24,11,42,25,17,75,51,24,136,86,50,306,183,123,283,159,124,160,56,104
"합계",강남구,수서동,2085,1163,922,1,1,-,12,7,5,28,19,9,62,35,27,117,77,40,280,170,110,702,437,265,558,297,261,325,120,205
"합계",강남구,세곡동,1982,1167,815,51,37,14,98,58,40,110,73,37,107,79,28,172,111,61,260,177,83,395,233,162,384,235,149,405,164,241
"합계",강남구,압구정동,501,294,207,10,7,3,14,9,5,17,13,4,18,13,5,39,25,14,46,34,12,75,47,28,124,68,56,158,78,80
"합계",강남구,청담동,478,274,204,11,7,4,19,12,7,24,17,7,26,13,13,39,29,10,65,43,22,98,58,40,107,58,49,89,37,52
"합계",강남구,대치2동,618,406,212,20,15,5,33,25,8,32,27,5,29,19,10,51,38,13,81,60,21,95,63,32,171,109,62,106,50,56
"합계",강남구,개포2동,759,470,289,17,11,6,48,26,22,52,31,21,56,34,22,72,57,15,91,65,26,159,96,63,146,101,45,118,49,69
"합계",강남구,기타,7,5,2,-,-,-,-,-,-,-,-,-,-,-,-,1,1,-,1,1,-,1,-,1,2,2,-,2,1,1
"합계",송파구,소계,20397,12063,8334,359,267,92,643,440,203,976,633,343,1181,786,395,1797,1243,554,2846,1900,946,4576,2861,1715,4403,2511,1892,3616,1422,2194
"합계",송파구,풍납1동,589,329,260,3,3,-,16,8,8,27,17,10,29,18,11,40,25,15,76,47,29,136,83,53,144,77,67,118,51,67
"합계",송파구,풍납2동,778,465,313,8,4,4,23,16,7,33,23,10,38,26,12,62,42,20,112,76,36,172,110,62,189,108,81,141,60,81
"합계",송파구,거여1동,620,369,251,5,3,2,7,6,1,27,18,9,36,25,11,52,37,15,81,54,27,136,85,51,144,90,54,132,51,81
"합계",송파구,거여2동,1131,636,495,18,12,6,27,18,9,37,19,18,60,41,19,114,79,35,197,113,84,265,157,108,224,120,104,189,77,112
"합계",송파구,마천1동,1205,714,491,11,5,6,27,21,6,52,33,19,63,44,19,75,56,19,163,106,57,315,198,117,270,152,118,229,99,130
"합계",송파구,마천2동,1182,685,497,5,2,3,19,10,9,53,37,16,38,21,17,76,55,21,173,123,50,301,203,98,295,143,152,222,91,131
"합계",송파구,방이1동,415,256,159,11,7,4,18,12,6,25,13,12,17,13,4,46,33,13,56,40,16,91,54,37,78,50,28,73,34,39
"합계",송파구,방이2동,770,436,334,3,3,-,15,12,3,36,16,20,44,30,14,65,39,26,109,67,42,183,106,77,167,103,64,148,60,88
"합계",송파구,오륜동,309,176,133,8,6,2,16,11,5,17,14,3,17,9,8,27,16,11,32,20,12,48,26,22,66,44,22,78,30,48
"합계",송파구,오금동,1450,816,634,27,19,8,47,28,19,83,56,27,77,57,20,109,76,33,217,135,82,317,199,118,309,164,145,264,82,182
"합계",송파구,송파1동,689,422,267,11,9,2,10,6,4,31,19,12,51,37,14,67,45,22,98,55,43,155,101,54,152,97,55,114,53,61
"합계",송파구,송파2동,480,292,188,8,7,1,18,15,3,30,16,14,30,24,6,42,27,15,58,41,17,97,63,34,117,73,44,80,26,54
"합계",송파구,석촌동,1019,633,386,11,9,2,19,17,2,50,32,18,72,49,23,96,75,21,154,110,44,240,155,85,212,118,94,165,68,97
"합계",송파구,삼전동,881,521,360,6,4,2,19,13,6,34,24,10,50,32,18,89,58,31,131,99,32,216,142,74,193,103,90,143,46,97
"합계",송파구,가락본동,743,456,287,15,12,3,19,13,6,31,21,10,54,35,19,50,36,14,97,75,22,220,139,81,144,80,64,113,45,68
"합계",송파구,가락1동,561,348,213,23,18,5,21,14,7,30,24,6,40,28,12,44,30,14,66,44,22,103,62,41,142,87,55,92,41,51
"합계",송파구,가락2동,894,519,375,7,5,2,20,15,5,42,30,12,58,39,19,78,51,27,138,98,40,208,123,85,174,100,74,169,58,111
"합계",송파구,문정1동,551,329,222,9,6,3,15,13,2,39,27,12,36,23,13,45,30,15,75,51,24,126,76,50,113,67,46,93,36,57
"합계",송파구,문정2동,512,314,198,8,6,2,10,6,4,34,24,10,48,32,16,48,31,17,48,34,14,110,73,37,93,57,36,113,51,62
"합계",송파구,잠실본동,787,478,309,10,6,4,19,14,5,32,20,12,67,47,20,75,49,26,120,85,35,188,121,67,162,93,69,114,43,71
"합계",송파구,잠실4동,452,284,168,16,13,3,26,17,9,20,13,7,25,14,11,49,38,11,58,39,19,77,47,30,98,64,34,83,39,44
"합계",송파구,잠실6동,363,209,154,3,2,1,14,12,2,15,11,4,16,10,6,38,23,15,49,32,17,72,52,20,74,38,36,82,29,53
"합계",송파구,잠실7동,224,130,94,3,1,2,10,6,4,13,11,2,7,5,2,15,8,7,20,10,10,33,19,14,54,39,15,69,31,38
"합계",송파구,잠실2동,582,348,234,23,18,5,42,35,7,26,15,11,23,14,9,58,37,21,68,48,20,101,58,43,140,78,62,101,45,56
"합계",송파구,잠실3동,688,416,272,17,16,1,31,19,12,26,15,11,39,25,14,50,38,12,78,55,23,111,71,40,195,112,83,141,65,76
"합계",송파구,장지동,1317,775,542,21,15,6,63,47,16,70,44,26,80,52,28,125,93,32,194,126,68,317,192,125,253,147,106,194,59,135
"합계",송파구,위례동,1205,707,498,69,56,13,72,36,36,63,41,22,66,36,30,162,116,46,178,117,61,238,146,92,201,107,94,156,52,104
"합계",송파구,기타,-,-,-,-,-,-,-,-,-,-,-,-,-,-,-,-,-,-,-,-,-,-,-,-,-,-,-,-,-,-
"합계",강동구,소계,18771,11280,7491,310,221,89,580,401,179,835,518,317,979,653,326,1577,1072,505,2637,1817,820,4449,2828,1621,4228,2436,1792,3176,1334,1842
"합계",강동구,명일1동,797,463,334,20,11,9,15,11,4,53,26,27,40,27,13,65,41,24,105,68,37,177,127,50,178,102,76,144,50,94
"합계",강동구,명일2동,448,272,176,5,3,2,20,15,5,23,14,9,19,13,6,39,26,13,62,44,18,96,60,36,104,70,34,80,27,53
"합계",강동구,고덕1동,708,423,285,30,21,9,39,26,13,29,19,10,35,23,12,54,37,17,90,65,25,156,94,62,150,93,57,125,45,80
"합계",강동구,고덕2동,800,487,313,20,14,6,36,23,13,30,23,7,47,26,21,91,60,31,122,82,40,196,118,78,155,95,60,103,46,57
"합계",강동구,암사2동,515,306,209,13,10,3,18,11,7,22,16,6,21,15,6,34,24,10,74,50,24,111,72,39,122,65,57,100,43,57
"합계",강동구,암사3동,560,312,248,14,6,8,42,29,13,39,21,18,26,18,8,40,24,16,66,41,25,125,72,53,117,60,57,91,41,50
"합계",강동구,천호1동,1415,859,556,10,6,4,42,33,9,62,36,26,75,54,21,112,76,36,206,144,62,347,223,124,341,192,149,220,95,125
"합계",강동구,천호3동,1232,731,501,8,5,3,13,8,5,37,20,17,89,55,34,105,64,41,198,144,54,283,184,99,287,160,127,212,91,121
"합계",강동구,성내1동,635,404,231,15,13,2,25,17,8,32,22,10,29,16,13,49,35,14,91,65,26,147,104,43,135,77,58,112,55,57
"합계",강동구,성내2동,1043,641,402,5,5,-,16,10,6,31,13,18,57,37,20,68,47,21,147,102,45,258,183,75,256,143,113,205,101,104
"합계",강동구,성내3동,908,560,348,13,12,1,19,15,4,38,28,10,41,30,11,79,59,20,133,95,38,200,127,73,222,128,94,163,66,97
"합계",강동구,둔촌1동,1,1,-,-,-,-,-,-,-,-,-,-,-,-,-,-,-,-,-,-,-,1,1,-,-,-,-,-,-,-
"합계",강동구,둔촌2동,908,551,357,16,11,5,29,17,12,43,21,22,39,25,14,75,53,22,128,94,34,203,135,68,212,122,90,163,73,90
"합계",강동구,암사1동,1678,1023,655,13,9,4,42,29,13,81,60,21,74,56,18,121,89,32,245,180,65,396,255,141,400,224,176,306,121,185
"합계",강동구,천호2동,1652,1004,648,22,16,6,36,27,9,60,41,19,86,56,30,140,95,45,224,150,74,434,281,153,373,215,158,277,123,154
"합계",강동구,길동,1986,1221,765,18,13,5,44,29,15,84,54,30,105,68,37,180,131,49,273,187,86,512,311,201,443,275,168,327,153,174
"합계",강동구,강일동,1724,985,739,26,17,9,65,47,18,78,49,29,95,61,34,146,91,55,240,156,84,408,253,155,359,200,159,307,111,196
"합계",강동구,상일1동,1103,664,439,48,38,10,52,34,18,62,35,27,60,45,15,120,80,40,130,85,45,250,144,106,246,150,96,135,53,82
"합계",강동구,상일2동,653,370,283,14,11,3,27,20,7,31,20,11,41,28,13,59,40,19,102,64,38,149,84,65,126,64,62,104,39,65
"합계",강동구,기타,5,3,2,-,-,-,-,-,-,-,-,-,-,-,-,-,-,-,1,1,-,-,-,-,2,1,1,2,1,1
